,Device,"October 1, 2025","October 2, 2025","October 3, 2025","October 4, 2025","October 5, 2025","October 6, 2025","October 7, 2025","October 8, 2025","October 9, 2025","October 10, 2025","October 11, 2025","October 12, 2025","October 13, 2025","October 14, 2025","October 15, 2025","October 16, 2025","October 17, 2025","October 18, 2025","October 19, 2025","October 20, 2025","October 21, 2025","October 22, 2025","October 23, 2025","October 24, 2025","October 25, 2025","October 26, 2025","October 27, 2025","October 28, 2025","October 29, 2025","October 30, 2025",Total Usage
1.1.1.1,samsung SM-A556E,0s,0s,0s,0s,0s,0s,0s,0s,0s,0s,0s,0s,0s,30s,0s,0s,1m 2s,0s,0s,0s,0s,0s,0s,0s,0s,0s,21s,0s,0s,0s,1m 54s
2 Player Games,samsung SM-A556E,0s,0s,0s,0s,0s,0s,0s,0s,0s,0s,0s,0s,0s,0s,1m 7s,0s,0s,0s,0s,0s,0s,0s,0s,0s,0s,0s,0s,0s,0s,0s,1m 7s
31a52a33-736c-46a6-b22d-18b7ba688fb7,samsung SM-A556E,0s,0s,0s,0s,0s,0s,0s,0s,0s,0s,0s,0s,4m,0s,0s,58s,1s,0s,0s,0s,1s,12s,0s,0s,0s,0s,0s,0s,0s,0s,5m 14s
abdallanezaree.atlassian.net,samsung SM-A556E,0s,0s,0s,0s,0s,0s,0s,0s,0s,0s,0s,0s,0s,0s,0s,0s,4s,0s,0s,0s,0s,0s,0s,0s,0s,0s,0s,0s,0s,0s,4s
academy.jetbrains.com,samsung SM-A556E,0s,0s,0s,0s,0s,0s,0s,0s,19s,0s,0s,0s,0s,0s,0s,0s,0s,0s,0s,0s,0s,0s,0s,0s,0s,0s,0s,0s,0s,0s,19s
addons.mozilla.org,samsung SM-A556E,0s,0s,0s,0s,0s,0s,0s,0s,0s,0s,0s,0s,2s,0s,0s,0s,0s,0s,0s,0s,0s,0s,0s,0s,0s,0s,0s,0s,0s,0s,2s
Adobe Acrobat,samsung SM-A556E,0s,0s,0s,0s,0s,0s,0s,0s,0s,0s,0s,0s,0s,0s,0s,0s,0s,0s,0s,0s,0s,0s,0s,0s,0s,4m 18s,0s,0s,0s,0s,4m 18s
agmostudio.com,samsung SM-A556E,0s,0s,0s,0s,0s,0s,22s,0s,0s,0s,0s,0s,0s,0s,0s,0s,0s,0s,0s,0s,0s,0s,0s,0s,0s,0s,0s,0s,0s,0s,22s
All PDF Reader,samsung SM-A556E,0s,0s,0s,0s,0s,0s,0s,0s,0s,0s,0s,0s,0s,0s,0s,0s,0s,0s,0s,0s,0s,0s,0s,0s,0s,1m 12s,0s,0s,0s,0s,1m 12s
all-worlds-alliance.fandom.com,samsung SM-A556E,0s,0s,0s,0s,0s,2s,0s,0s,0s,0s,0s,0s,0s,0s,0s,0s,0s,0s,0s,0s,0s,0s,0s,0s,0s,0s,0s,0s,0s,0s,2s
amazon.com,samsung SM-A556E,0s,0s,0s,0s,0s,0s,0s,0s,0s,0s,0s,0s,0s,0s,0s,0s,5s,0s,0s,0s,0s,0s,0s,0s,0s,0s,0s,0s,0s,0s,5s
amo.uthm.edu.my,samsung SM-A556E,0s,56s,0s,0s,0s,0s,0s,0s,0s,0s,0s,0s,0s,0s,0s,0s,0s,0s,0s,0s,0s,0s,0s,0s,0s,0s,0s,0s,0s,0s,56s
Android System,samsung SM-A556E,0s,15s,0s,7s,0s,0s,0s,0s,0s,19s,0s,8s,0s,0s,12s,0s,0s,0s,0s,0s,0s,0s,0s,0s,0s,0s,0s,2s,0s,0s,1m 5s
anyflip.com,samsung SM-A556E,0s,0s,0s,0s,0s,0s,12s,0s,0s,0s,0s,0s,0s,0s,0s,0s,0s,0s,0s,0s,0s,0s,0s,0s,0s,0s,0s,0s,0s,0s,12s
AppGallery,samsung SM-A556E,0s,0s,0s,0s,0s,0s,0s,0s,0s,0s,0s,0s,1m 58s,0s,0s,0s,0s,0s,0s,0s,0s,0s,0s,0s,0s,0s,0s,0s,0s,0s,1m 58s
appgallery.huawei.com,samsung SM-A556E,0s,0s,0s,0s,0s,0s,0s,0s,0s,0s,0s,0s,49s,0s,0s,0s,0s,0s,0s,0s,0s,0s,0s,0s,0s,0s,0s,0s,0s,0s,49s
artfulbytes.com,samsung SM-A556E,0s,0s,0s,0s,0s,0s,0s,0s,0s,0s,0s,0s,0s,0s,0s,0s,0s,0s,0s,0s,0s,0s,0s,6s,0s,0s,0s,0s,0s,0s,6s
artsandculture.google.com,samsung SM-A556E,0s,0s,0s,0s,0s,0s,0s,0s,0s,0s,0s,0s,0s,0s,0s,0s,0s,0s,2m 33s,0s,0s,0s,0s,0s,0s,0s,0s,0s,0s,0s,2m 33s
asianinspirations.com.au,samsung SM-A556E,0s,0s,0s,0s,0s,0s,0s,0s,0s,0s,0s,0s,0s,23s,0s,0s,0s,0s,0s,0s,0s,0s,0s,0s,0s,0s,0s,0s,0s,0s,23s
atlassian.com,samsung SM-A556E,0s,0s,0s,0s,0s,0s,0s,0s,0s,0s,0s,0s,0s,0s,0s,0s,7m 17s,0s,0s,0s,0s,0s,0s,0s,0s,0s,0s,0s,0s,0s,7m 17s
auth.netacad.com,samsung SM-A556E,0s,0s,0s,0s,0s,0s,0s,0s,0s,0s,0s,0s,0s,0s,0s,0s,5s,0s,0s,0s,0s,0s,0s,0s,0s,0s,0s,0s,0s,0s,5s
Authenticator,samsung SM-A556E,0s,0s,0s,0s,0s,0s,3s,0s,0s,39s,0s,0s,0s,0s,2s,7s,0s,0s,0s,0s,0s,0s,0s,0s,0s,0s,0s,0s,0s,0s,52s
Authenticator,samsung SM-A556E,0s,0s,0s,0s,0s,0s,0s,0s,0s,0s,0s,0s,0s,0s,0s,0s,0s,0s,0s,0s,0s,0s,0s,0s,3m 6s,0s,0s,0s,0s,0s,3m 6s
author.uthm.edu.my,samsung SM-A556E,0s,0s,0s,0s,0s,0s,2m 7s,0s,0s,0s,2m 5s,4s,0s,2m 48s,3m 31s,21s,3m 22s,0s,0s,0s,0s,0s,47s,57s,0s,0s,0s,0s,0s,0s,16m 6s
bacancytechnology.com,samsung SM-A556E,0s,0s,0s,0s,0s,0s,0s,0s,0s,0s,0s,0s,0s,15s,0s,0s,0s,0s,0s,0s,0s,0s,0s,0s,0s,0s,0s,0s,0s,0s,15s
Bixby Vision,samsung SM-A556E,0s,0s,0s,0s,0s,45s,0s,0s,0s,0s,0s,0s,0s,0s,0s,0s,0s,0s,0s,0s,0s,0s,0s,0s,0s,0s,0s,0s,0s,0s,45s
blog.jetbrains.com,samsung SM-A556E,0s,0s,0s,0s,0s,0s,0s,0s,1s,0s,0s,0s,0s,0s,0s,0s,0s,0s,0s,0s,0s,0s,0s,0s,0s,0s,0s,0s,0s,0s,1s
boot.dev,samsung SM-A556E,0s,0s,0s,0s,0s,0s,0s,0s,0s,0s,0s,0s,0s,0s,0s,0s,0s,0s,0s,0s,0s,29s,0s,0s,0s,0s,0s,0s,0s,0s,29s
brainbaking.com,samsung SM-A556E,0s,0s,0s,0s,0s,0s,0s,0s,57s,0s,0s,0s,0s,0s,0s,0s,0s,0s,0s,0s,0s,0s,0s,0s,0s,0s,0s,0s,0s,0s,57s
cad.uthm.edu.my,samsung SM-A556E,0s,0s,0s,0s,0s,0s,2m 27s,0s,0s,0s,0s,0s,0s,0s,0s,0s,0s,0s,0s,0s,0s,0s,0s,0s,0s,0s,0s,0s,0s,0s,2m 27s
Calculator,samsung SM-A556E,0s,0s,30s,0s,0s,35s,13s,0s,0s,0s,0s,0s,1m 16s,0s,0s,0s,0s,0s,0s,0s,1m 3s,0s,0s,0s,7m 15s,0s,0s,1m 1s,8s,0s,12m 4s
Calendar,samsung SM-A556E,3m 4s,0s,0s,0s,0s,2s,0s,0s,2m 23s,0s,0s,0s,0s,0s,0s,1m 51s,0s,0s,0s,0s,0s,0s,0s,0s,0s,0s,0s,0s,0s,0s,7m 22s
Calendar,samsung SM-A556E,1m 9s,1m 7s,16s,0s,0s,0s,0s,0s,1m 45s,2m 41s,25s,1m 6s,0s,0s,0s,0s,7s,0s,0s,0s,0s,25s,0s,0s,0s,0s,0s,0s,0s,0s,9m 6s
Call,samsung SM-A556E,3m 31s,8m 57s,39s,30s,0s,2s,0s,0s,0s,0s,0s,0s,0s,0s,0s,32s,0s,0s,0s,2s,0s,0s,9s,0s,0s,0s,0s,0s,0s,0s,14m 25s
Call settings,samsung SM-A556E,0s,0s,0s,41s,0s,0s,0s,0s,0s,0s,0s,0s,0s,0s,0s,0s,0s,0s,0s,0s,0s,0s,0s,0s,0s,0s,0s,0s,0s,0s,41s
Camera,samsung SM-A556E,3m 5s,5m 44s,5m 30s,1m 4s,0s,2m 39s,31s,0s,1m 40s,37s,30s,1m 29s,1m 47s,1m 55s,38s,1m 50s,0s,0s,0s,2m 18s,0s,18s,2m 51s,1m 6s,4s,0s,1s,0s,0s,0s,35m 47s
Captive Portal Login,samsung SM-A556E,0s,1m 18s,32s,0s,0s,0s,0s,0s,0s,0s,0s,0s,27s,5m 29s,41s,56s,34s,0s,0s,0s,4s,0s,0s,1m 5s,8s,0s,18s,0s,0s,18s,11m 55s
careers.anb.sa,samsung SM-A556E,0s,0s,0s,0s,0s,0s,0s,0s,1m 48s,0s,0s,0s,0s,0s,0s,0s,0s,0s,0s,0s,0s,0s,0s,0s,0s,0s,0s,0s,0s,0s,1m 48s
Celcom Life,samsung SM-A556E,0s,0s,59s,1m 33s,0s,0s,0s,0s,0s,0s,0s,0s,0s,0s,0s,0s,0s,0s,0s,0s,0s,0s,0s,0s,0s,0s,10s,0s,0s,0s,2m 42s
ChatGPT,samsung SM-A556E,49m 11s,13m 5s,6m 43s,27m 9s,11m 25s,34m 45s,27m 31s,44m 9s,59m 44s,58m 45s,1m 22s,45m 42s,49m 10s,56m 34s,7m 5s,9m 35s,12m 58s,17m 17s,33m 10s,16m 19s,41m 18s,36s,14s,2m 35s,4m 4s,2m 28s,56s,5m 20s,17m 19s,0s,10h 56m 42s
Chrome,samsung SM-A556E,5m 44s,2m 27s,3m 7s,4m 25s,1s,17m 35s,21m 48s,5m 8s,1h 7m 51s,16m 10s,1h 3m 44s,13m 2s,22m 33s,41m 21s,25m 13s,3m 31s,27m 31s,4m 37s,9m 16s,12m 12s,7m 18s,5m 39s,6m 15s,14m 22s,58s,7s,12m 15s,0s,5m 2s,2m 27s,7h 1m 56s
chrome-native,samsung SM-A556E,0s,0s,0s,0s,0s,0s,37s,0s,0s,0s,0s,0s,0s,2m 28s,0s,0s,0s,0s,0s,0s,0s,0s,0s,0s,0s,0s,0s,0s,0s,0s,3m 6s
cisco,samsung SM-A556E,0s,0s,0s,0s,0s,0s,0s,0s,0s,0s,0s,0s,4s,0s,0s,0s,0s,0s,0s,0s,0s,0s,0s,0s,0s,0s,0s,0s,0s,0s,4s
Claude,samsung SM-A556E,0s,0s,0s,0s,0s,0s,0s,0s,32m 20s,2h 21m 9s,6m 21s,48m 9s,6m 32s,31m 10s,16m 42s,12m 1s,11m 3s,0s,0s,0s,0s,18m 26s,48m 14s,15m 10s,27m 20s,6m 29s,5m 16s,4m 6s,7m 37s,1s,7h 18m 15s
Clock,samsung SM-A556E,12m 36s,0s,29s,10s,7m 32s,9m 3s,8m 53s,15m 32s,2m 40s,3m 14s,17s,17m,7m 31s,35s,18m 41s,10m 42s,59s,3s,5m 50s,0s,13s,5m 53s,1m 44s,12m 27s,7m 24s,1m 10s,12m 13s,6m 42s,1m 11s,25s,2h 51m 23s
cls.uthm.edu.my,samsung SM-A556E,0s,0s,0s,0s,0s,0s,0s,0s,0s,1m 25s,0s,0s,0s,0s,0s,47s,0s,0s,0s,0s,0s,0s,0s,0s,0s,0s,0s,0s,0s,0s,2m 13s
coinbase.com,samsung SM-A556E,0s,0s,0s,0s,0s,0s,0s,0s,0s,0s,0s,0s,0s,0s,0s,0s,0s,0s,0s,2s,0s,0s,0s,0s,0s,0s,0s,0s,0s,0s,2s
community.uthm.edu.my,samsung SM-A556E,0s,0s,0s,0s,0s,0s,0s,0s,0s,0s,0s,0s,0s,15s,0s,0s,15s,0s,0s,0s,0s,0s,1m 31s,4s,0s,0s,0s,0s,0s,0s,2m 8s
conestogac.on.ca,samsung SM-A556E,0s,0s,0s,0s,0s,0s,0s,0s,0s,0s,0s,0s,0s,0s,0s,0s,0s,0s,0s,0s,1m 11s,0s,0s,0s,0s,0s,0s,0s,0s,0s,1m 11s
Contacts,samsung SM-A556E,1s,0s,20s,0s,0s,0s,0s,0s,0s,0s,0s,0s,4s,9m 29s,0s,22s,0s,0s,0s,37s,0s,0s,25s,4m 58s,0s,0s,0s,0s,0s,0s,16m 20s
content,samsung SM-A556E,0s,0s,0s,0s,0s,0s,0s,0s,0s,1m 6s,0s,27s,0s,0s,40s,3s,4m 2s,0s,22s,0s,3m 37s,1s,18s,7s,0s,2m 48s,0s,4s,0s,0s,13m 40s
cookieandkate.com,samsung SM-A556E,0s,0s,0s,0s,0s,0s,0s,0s,0s,0s,14s,0s,0s,0s,0s,0s,0s,0s,0s,0s,0s,0s,0s,0s,0s,0s,0s,0s,0s,0s,14s
corntozcontest.mamee.com,samsung SM-A556E,0s,0s,0s,0s,0s,0s,0s,0s,0s,40s,0s,0s,0s,0s,0s,0s,0s,0s,0s,0s,0s,0s,0s,0s,0s,0s,0s,0s,0s,0s,40s
coursera.org,samsung SM-A556E,0s,0s,0s,0s,0s,0s,0s,0s,47s,0s,0s,0s,0s,0s,0s,0s,0s,0s,0s,0s,0s,0s,0s,0s,0s,0s,0s,0s,0s,0s,47s
Credential Manager,samsung SM-A556E,0s,0s,0s,0s,0s,0s,0s,0s,4s,0s,0s,0s,0s,0s,0s,0s,0s,0s,0s,0s,0s,0s,0s,0s,0s,11s,0s,0s,0s,0s,16s
credly.com,samsung SM-A556E,0s,0s,0s,0s,0s,0s,0s,0s,0s,0s,0s,0s,0s,0s,0s,0s,5s,0s,0s,0s,0s,0s,0s,0s,0s,0s,0s,0s,0s,0s,5s
CS PDF,samsung SM-A556E,0s,1s,0s,0s,0s,48s,2m 56s,6m 8s,1m 23s,12s,0s,0s,0s,0s,0s,0s,0s,0s,0s,0s,6s,0s,11m 2s,0s,0s,0s,0s,0s,0s,0s,22m 40s
cuponation.com.my,samsung SM-A556E,0s,0s,30s,0s,0s,0s,0s,0s,0s,0s,0s,0s,0s,0s,0s,0s,0s,0s,0s,0s,0s,0s,0s,0s,0s,0s,0s,0s,0s,0s,30s
dbankcloud.cn,samsung SM-A556E,0s,0s,0s,0s,0s,0s,0s,0s,0s,0s,0s,0s,13s,0s,0s,0s,0s,0s,0s,0s,0s,0s,0s,0s,0s,0s,0s,0s,0s,0s,13s
dev.to,samsung SM-A556E,0s,0s,0s,0s,0s,0s,0s,0s,25s,0s,0s,0s,0s,0s,0s,0s,0s,0s,0s,0s,0s,0s,0s,0s,0s,0s,0s,0s,0s,0s,25s
Device care,samsung SM-A556E,0s,0s,0s,0s,0s,1m 18s,0s,0s,0s,0s,0s,0s,0s,0s,0s,36s,0s,0s,0s,0s,31s,0s,0s,0s,0s,4s,0s,37s,0s,0s,3m 8s
Digital Wellbeing,samsung SM-A556E,2m 42s,5m 36s,15s,0s,0s,31s,16s,0s,3m 24s,0s,8s,0s,5s,0s,0s,0s,0s,0s,0s,0s,0s,0s,0s,0s,0s,0s,0s,0s,0s,0s,13m 1s
Discord,samsung SM-A556E,17s,0s,0s,0s,0s,0s,0s,0s,0s,2m 1s,0s,12s,0s,0s,0s,0s,0s,35s,0s,0s,0s,0s,0s,0s,7s,0s,0s,0s,0s,0s,3m 14s
distractionfreeapps.com,samsung SM-A556E,8s,0s,0s,0s,0s,4s,0s,0s,0s,0s,0s,0s,0s,0s,0s,0s,0s,0s,0s,0s,0s,0s,0s,0s,0s,0s,0s,0s,0s,0s,12s
dn720006.ca.archive.org,samsung SM-A556E,0s,0s,0s,0s,0s,0s,0s,0s,0s,0s,0s,0s,0s,0s,0s,0s,5m 3s,3m,30s,0s,0s,0s,0s,0s,0s,0s,0s,0s,0s,0s,8m 33s
doc.uthm.edu.my,samsung SM-A556E,0s,0s,0s,0s,0s,0s,0s,0s,0s,0s,0s,0s,38s,0s,0s,0s,0s,0s,0s,0s,0s,0s,0s,0s,0s,0s,0s,0s,0s,0s,38s
Docs,samsung SM-A556E,0s,0s,3m 28s,0s,0s,12m 8s,0s,0s,0s,14m 39s,0s,0s,42s,0s,2m 50s,0s,14m 36s,0s,0s,0s,0s,0s,4s,0s,0s,0s,0s,0s,0s,0s,48m 30s
docs.google.com,samsung SM-A556E,0s,0s,0s,0s,0s,0s,0s,0s,0s,0s,0s,0s,0s,0s,0s,3m 21s,0s,0s,0s,0s,0s,0s,0s,0s,0s,0s,0s,0s,0s,0s,3m 21s
Doodle Jump 2,samsung SM-A556E,0s,0s,0s,0s,0s,0s,0s,0s,0s,0s,10s,0s,0s,0s,0s,0s,0s,0s,5s,0s,0s,25s,0s,9m 57s,0s,3m,0s,0s,1m 46s,0s,15m 25s
Drive,samsung SM-A556E,0s,0s,0s,0s,0s,0s,46s,0s,0s,5m 26s,0s,0s,1m 25s,28s,0s,0s,0s,0s,0s,0s,0s,0s,0s,0s,0s,0s,0s,0s,0s,0s,8m 7s
drive.google.com,samsung SM-A556E,0s,0s,0s,0s,0s,0s,0s,0s,0s,0s,0s,0s,1s,0s,0s,0s,0s,0s,0s,0s,0s,0s,0s,0s,0s,0s,0s,0s,0s,0s,1s
drive.usercontent.google.com,samsung SM-A556E,0s,0s,0s,0s,0s,0s,0s,0s,0s,0s,0s,0s,7s,3s,0s,0s,0s,0s,0s,0s,0s,0s,0s,0s,0s,0s,0s,0s,0s,0s,11s
duolingo.com,samsung SM-A556E,0s,0s,0s,0s,0s,0s,0s,0s,0s,0s,7s,0s,0s,0s,0s,0s,0s,0s,0s,0s,0s,0s,0s,0s,0s,0s,0s,0s,0s,0s,7s
editor.plantuml.com,samsung SM-A556E,0s,0s,0s,0s,0s,0s,0s,0s,0s,0s,0s,0s,0s,0s,0s,0s,3m 7s,0s,0s,0s,0s,0s,0s,0s,0s,0s,0s,0s,0s,0s,3m 7s
edx.org,samsung SM-A556E,0s,0s,0s,0s,0s,0s,0s,0s,0s,0s,0s,0s,0s,1m 10s,0s,0s,0s,0s,0s,0s,0s,0s,0s,0s,0s,0s,0s,0s,0s,0s,1m 10s
electronics-tutorials.ws,samsung SM-A556E,0s,0s,0s,0s,0s,0s,0s,0s,0s,0s,0s,0s,0s,0s,4s,0s,0s,0s,0s,0s,0s,0s,0s,0s,0s,0s,0s,0s,0s,0s,4s
eli.uthm.edu.my,samsung SM-A556E,0s,0s,0s,0s,0s,2s,0s,0s,0s,0s,0s,0s,0s,0s,0s,0s,0s,0s,0s,0s,0s,0s,0s,0s,0s,0s,0s,0s,0s,0s,2s
embeddedrelated.com,samsung SM-A556E,0s,0s,0s,0s,0s,0s,0s,0s,0s,0s,0s,0s,0s,1m 19s,0s,0s,0s,0s,0s,0s,0s,0s,0s,0s,0s,0s,0s,0s,0s,0s,1m 19s
Emergency SOS,samsung SM-A556E,0s,0s,0s,0s,0s,0s,3m 10s,0s,6s,0s,15s,0s,0s,0s,43s,0s,24s,0s,0s,0s,0s,0s,23s,0s,0s,0s,0s,0s,0s,0s,5m 3s
eSentral,samsung SM-A556E,21s,0s,0s,0s,0s,0s,0s,0s,0s,0s,0s,0s,0s,0s,0s,0s,0s,0s,0s,0s,0s,0s,0s,0s,0s,0s,0s,0s,0s,0s,21s
ets.org,samsung SM-A556E,0s,0s,0s,0s,0s,0s,57s,0s,0s,0s,0s,0s,0s,0s,0s,0s,0s,0s,0s,0s,0s,0s,0s,0s,0s,0s,0s,0s,0s,0s,57s
Excel,samsung SM-A556E,0s,0s,0s,0s,0s,0s,0s,0s,0s,0s,0s,0s,2m 25s,0s,2s,0s,0s,0s,0s,0s,0s,2m 33s,0s,0s,0s,0s,0s,0s,0s,0s,5m 1s
Facebook,samsung SM-A556E,0s,0s,0s,0s,0s,0s,0s,0s,0s,0s,0s,0s,0s,0s,0s,0s,0s,0s,0s,0s,0s,0s,0s,7s,0s,0s,0s,0s,0s,0s,7s
fastdl.app,samsung SM-A556E,0s,0s,0s,0s,0s,0s,0s,0s,0s,0s,0s,0s,22s,0s,0s,0s,0s,0s,0s,0s,0s,0s,0s,0s,0s,0s,0s,0s,0s,0s,22s
Files,samsung SM-A556E,0s,3s,0s,0s,0s,0s,0s,0s,0s,0s,0s,0s,0s,0s,0s,4s,6s,0s,0s,0s,0s,2s,20s,0s,0s,10s,0s,0s,0s,0s,49s
Files by Google,samsung SM-A556E,0s,2s,0s,0s,0s,0s,0s,0s,0s,0s,0s,0s,0s,0s,0s,0s,0s,0s,0s,0s,0s,0s,0s,0s,0s,0s,0s,0s,0s,0s,2s
Firefox,samsung SM-A556E,3s,0s,0s,0s,0s,2s,0s,0s,0s,21s,0s,0s,40m 48s,32m 17s,4m 51s,8m 57s,32m 36s,4m 25s,2m 17s,0s,9m 30s,2m 5s,6m 7s,3m 8s,2m 56s,2m 57s,0s,37m 5s,10m 44s,0s,3h 21m 19s
Firefox Nightly,samsung SM-A556E,9m 5s,1m 44s,0s,30m 49s,0s,1m 38s,36m 25s,10s,0s,0s,0s,0s,0s,0s,0s,0s,0s,0s,0s,0s,0s,0s,0s,0s,0s,0s,0s,0s,0s,0s,1h 19m 53s
fishtyi.newgrounds.com,samsung SM-A556E,0s,0s,0s,0s,0s,0s,0s,0s,0s,0s,0s,0s,0s,0s,0s,0s,0s,0s,0s,0s,5s,0s,0s,0s,0s,0s,0s,0s,0s,0s,5s
fkee.uthm.edu.my,samsung SM-A556E,0s,0s,0s,0s,0s,0s,0s,2m 55s,0s,0s,0s,0s,0s,0s,2m 1s,0s,0s,0s,0s,0s,0s,0s,0s,0s,0s,0s,0s,0s,0s,0s,4m 57s
Focus Now,samsung SM-A556E,0s,0s,0s,0s,0s,0s,0s,0s,0s,0s,0s,14m 43s,0s,0s,1h 13m 46s,1h 6m 40s,0s,0s,10m 35s,0s,0s,0s,0s,0s,0s,0s,7s,0s,0s,0s,2h 45m 53s
Focus To-Do,samsung SM-A556E,17s,0s,0s,0s,18m 17s,3s,0s,0s,0s,4s,0s,0s,0s,0s,0s,0s,0s,0s,0s,0s,0s,0s,0s,0s,0s,0s,0s,0s,0s,0s,18m 43s
forms.gle,samsung SM-A556E,0s,0s,0s,0s,0s,0s,0s,0s,0s,0s,0s,0s,6s,0s,0s,0s,0s,0s,0s,0s,0s,0s,0s,0s,0s,0s,0s,0s,0s,0s,6s
forms.office.com,samsung SM-A556E,0s,0s,0s,0s,0s,0s,0s,0s,0s,0s,0s,0s,0s,9s,0s,34s,0s,0s,0s,0s,0s,0s,1m 44s,0s,0s,0s,0s,0s,0s,0s,2m 28s
Free Adblocker Browser,samsung SM-A556E,0s,0s,0s,0s,0s,0s,0s,0s,0s,0s,0s,0s,0s,3s,0s,0s,0s,0s,0s,0s,0s,0s,31s,0s,0s,0s,0s,0s,0s,0s,35s
fsktm.uthm.edu.my,samsung SM-A556E,0s,0s,0s,0s,0s,0s,8s,0s,0s,0s,0s,0s,0s,0s,3m 34s,0s,0s,0s,0s,0s,0s,0s,0s,0s,0s,0s,0s,0s,0s,0s,3m 42s
Gallery,samsung SM-A556E,0s,0s,0s,0s,0s,10s,3s,0s,0s,2s,1s,0s,1s,0s,0s,12s,1s,0s,2s,0s,0s,0s,0s,0s,0s,0s,4s,0s,1s,0s,42s
Gallery,samsung SM-A556E,1m 29s,47s,55s,6m 33s,1m 14s,18m 14s,22m 19s,21m 38s,18m 10s,19m 10s,8s,3m 39s,8m 18s,30m 46s,9m 35s,4m 47s,12m 13s,6m 6s,10s,2m 44s,7s,10s,12m 44s,11m 9s,0s,0s,1m 46s,5s,24s,4m 23s,3h 39m 57s
Gaming Hub,samsung SM-A556E,0s,0s,0s,0s,0s,0s,0s,0s,0s,0s,0s,0s,0s,0s,0s,2m 52s,0s,0s,0s,0s,0s,0s,0s,0s,0s,0s,0s,0s,0s,0s,2m 52s
geeksforgeeks.org,samsung SM-A556E,0s,0s,0s,0s,0s,0s,0s,0s,0s,3s,0s,0s,0s,0s,0s,0s,0s,0s,0s,0s,0s,0s,0s,0s,0s,0s,0s,0s,0s,0s,3s
GitHub,samsung SM-A556E,0s,0s,0s,0s,0s,0s,0s,0s,0s,0s,0s,0s,0s,0s,0s,0s,1m 6s,0s,0s,0s,2m 3s,0s,4m 18s,0s,0s,0s,47s,0s,21s,0s,8m 37s
github.com,samsung SM-A556E,0s,0s,0s,0s,0s,0s,0s,0s,0s,0s,0s,0s,5s,0s,0s,0s,0s,0s,0s,0s,3s,0s,0s,0s,0s,0s,0s,0s,0s,0s,8s
glassdoor.com,samsung SM-A556E,0s,0s,0s,0s,0s,0s,0s,0s,0s,0s,46s,0s,0s,0s,0s,0s,0s,0s,0s,0s,0s,0s,0s,0s,0s,0s,0s,0s,0s,0s,46s
glossary.istqb.org,samsung SM-A556E,0s,0s,0s,0s,0s,0s,0s,0s,0s,0s,0s,0s,0s,0s,0s,0s,2m 35s,0s,0s,0s,0s,0s,0s,0s,0s,0s,0s,0s,0s,0s,2m 35s
Gmail,samsung SM-A556E,0s,0s,0s,9s,0s,3m 7s,1m 45s,0s,5m 39s,10m 32s,0s,7s,1m 42s,18s,33s,29s,26s,0s,0s,0s,0s,12m 36s,1m 45s,2s,2s,0s,0s,0s,0s,0s,39m 19s
Google,samsung SM-A556E,13m 55s,5m 19s,1m 50s,12m 22s,1m 16s,15m 49s,12m 23s,18m 30s,21m 54s,21m 47s,26m 44s,10m 25s,12m 4s,21m 20s,12m 25s,4m 59s,36m 37s,30m 21s,14m 29s,4m 38s,6m 8s,17m 44s,5m 37s,20m 50s,12m 6s,2m 49s,7m 54s,2m 9s,22m 25s,47s,6h 37m 52s
Google Play services,samsung SM-A556E,1s,2s,0s,7s,0s,0s,0s,0s,21s,3s,4s,0s,2s,34s,2s,4s,1s,0s,0s,0s,0s,0s,3s,26s,0s,1s,0s,0s,0s,0s,2m
Google Play Store,samsung SM-A556E,12m 2s,1s,4s,44s,0s,10s,59s,1m 49s,49s,3s,1h 29m 20s,1m 9s,1m 21s,9s,20s,20s,1m 22s,0s,1s,0s,0s,1s,6s,38s,0s,1m 23s,0s,0s,5s,0s,1h 53m 5s
google.com,samsung SM-A556E,0s,0s,0s,0s,0s,0s,0s,0s,54s,1s,1m 1s,8s,16s,1m 34s,19s,4s,32s,0s,3s,0s,53s,14s,22s,1s,2s,0s,0s,37s,0s,0s,7m 6s
googleadservices.com,samsung SM-A556E,0s,0s,0s,0s,0s,0s,0s,0s,0s,0s,0s,0s,23s,0s,0s,1s,0s,0s,0s,0s,0s,2s,0s,0s,0s,0s,0s,1s,0s,0s,28s
Grab,samsung SM-A556E,0s,0s,0s,0s,0s,0s,0s,0s,0s,0s,0s,0s,0s,0s,0s,3m 47s,0s,0s,1s,0s,0s,0s,0s,9m 27s,0s,0s,0s,0s,43s,0s,13m 59s
grok.com,samsung SM-A556E,0s,0s,0s,0s,0s,0s,0s,0s,0s,0s,0s,0s,0s,6m 20s,0s,0s,33s,0s,0s,8m 32s,0s,0s,0s,0s,0s,0s,0s,0s,0s,0s,15m 27s
Group Sharing,samsung SM-A556E,0s,0s,3s,0s,0s,0s,0s,0s,0s,0s,0s,0s,0s,0s,0s,2s,0s,0s,0s,0s,0s,0s,0s,0s,0s,0s,0s,0s,0s,0s,5s
Health Connect,samsung SM-A556E,0s,0s,0s,0s,0s,0s,9s,0s,0s,0s,0s,0s,0s,0s,0s,0s,0s,0s,0s,0s,0s,0s,0s,0s,0s,0s,0s,0s,0s,0s,9s
hivemq.com,samsung SM-A556E,0s,0s,0s,0s,0s,0s,0s,0s,0s,11s,0s,0s,0s,0s,0s,0s,0s,0s,0s,0s,0s,0s,0s,30s,0s,0s,0s,0s,0s,0s,41s
HMS Core,samsung SM-A556E,0s,0s,0s,0s,0s,0s,0s,0s,0s,0s,0s,0s,11m 18s,0s,0s,0s,0s,0s,0s,0s,0s,0s,0s,0s,0s,0s,0s,0s,0s,0s,11m 18s
Hotlink,samsung SM-A556E,0s,0s,0s,11m,0s,0s,4m 44s,0s,3m 5s,0s,0s,0s,16s,0s,0s,0s,0s,0s,0s,0s,2m 55s,4m 58s,0s,33s,0s,0s,0s,41s,0s,0s,28m 15s
ibisPaint X,samsung SM-A556E,0s,0s,0s,0s,0s,0s,0s,0s,0s,0s,0s,0s,0s,2s,0s,0s,0s,0s,0s,0s,0s,0s,0s,0s,0s,0s,0s,0s,0s,0s,2s
ieeemy.org,samsung SM-A556E,0s,0s,0s,0s,0s,0s,0s,0s,0s,0s,0s,0s,21s,0s,0s,0s,0s,0s,0s,0s,0s,0s,0s,0s,0s,0s,0s,0s,0s,0s,21s
ielts.idp.com,samsung SM-A556E,0s,0s,0s,0s,0s,0s,3s,0s,0s,0s,0s,0s,0s,0s,0s,0s,0s,0s,0s,0s,0s,0s,0s,0s,0s,0s,0s,0s,0s,0s,3s
Image to PDF Converter,samsung SM-A556E,0s,0s,0s,0s,0s,0s,0s,0s,0s,0s,0s,0s,0s,0s,7s,0s,0s,0s,0s,0s,3s,0s,0s,0s,0s,0s,0s,0s,0s,0s,10s
imo,samsung SM-A556E,0s,0s,7m 41s,10m 50s,9m 40s,0s,3m 40s,0s,0s,16m 32s,0s,0s,12m 29s,0s,10m 29s,1m 7s,0s,0s,1m 14s,0s,28m 25s,0s,0s,0s,4m 14s,0s,0s,0s,0s,0s,1h 46m 26s
inflact.com,samsung SM-A556E,0s,0s,0s,0s,0s,0s,0s,0s,0s,0s,0s,0s,3s,0s,0s,0s,0s,0s,0s,0s,0s,0s,0s,0s,0s,0s,0s,0s,0s,0s,3s
Instagram,samsung SM-A556E,29m 29s,16m 20s,6m 17s,20m 49s,1h 14m 32s,1h 19m 29s,43m 19s,10m 12s,1h 10m 53s,4m 41s,4m 14s,7m 8s,6m 41s,34m 16s,2m 23s,16m 59s,10m 58s,8m 1s,3m 45s,15m 55s,17m 26s,8m 18s,22m 28s,10m 2s,13m 1s,3m 50s,8m 51s,4m 10s,4m 17s,2m 37s,9h 21m 33s
instagram.com,samsung SM-A556E,0s,4s,0s,0s,0s,0s,0s,11s,0s,0s,0s,7s,0s,11s,0s,0s,0s,0s,0s,28s,43s,0s,0s,0s,0s,0s,1m 21s,0s,0s,0s,3m 7s
IntentResolver,samsung SM-A556E,1s,0s,0s,0s,0s,1s,19s,0s,4s,3s,1s,19s,0s,5s,2s,12s,1s,0s,0s,1s,1s,0s,6s,47s,0s,0s,0s,0s,0s,0s,2m 9s
io.uthm.edu.my,samsung SM-A556E,0s,0s,0s,0s,0s,0s,0s,0s,2m 9s,0s,0s,0s,0s,0s,0s,0s,0s,0s,0s,0s,0s,0s,0s,0s,0s,0s,0s,0s,11s,0s,2m 21s
Jira,samsung SM-A556E,0s,0s,0s,0s,0s,0s,0s,0s,0s,0s,0s,0s,0s,0s,0s,0s,9m 16s,0s,0s,0s,0s,0s,0s,0s,0s,0s,0s,0s,0s,0s,9m 16s
Jobstreet,samsung SM-A556E,0s,0s,0s,0s,0s,0s,0s,0s,0s,0s,0s,0s,0s,0s,5m,8s,0s,0s,39s,0s,1m 35s,0s,0s,0s,0s,0s,0s,0s,0s,0s,7m 23s
joelonsoftware.com,samsung SM-A556E,0s,0s,0s,0s,0s,0s,0s,0s,1m 35s,0s,0s,0s,0s,0s,0s,0s,0s,0s,0s,0s,0s,0s,0s,0s,0s,0s,0s,0s,0s,0s,1m 35s
Keep Notes,samsung SM-A556E,0s,0s,0s,0s,0s,19s,0s,0s,0s,0s,23s,0s,0s,0s,0s,0s,20s,0s,3s,0s,0s,0s,0s,2s,0s,0s,0s,0s,4m 31s,0s,5m 40s
kemono.cr,samsung SM-A556E,0s,0s,0s,0s,0s,0s,0s,0s,0s,0s,0s,0s,1m 10s,1m 54s,0s,0s,0s,0s,0s,0s,0s,0s,0s,0s,1m,0s,0s,36s,0s,0s,4m 42s
kinsta.com,samsung SM-A556E,0s,0s,0s,0s,0s,0s,0s,0s,0s,21s,0s,0s,0s,0s,0s,0s,0s,0s,0s,0s,0s,0s,0s,0s,0s,0s,0s,0s,0s,0s,21s
Lazada,samsung SM-A556E,8m 41s,1s,0s,52m 7s,36s,5m 7s,5m 47s,1m 14s,0s,1m 26s,0s,0s,6s,1m 37s,1s,0s,0s,1s,1m 14s,0s,0s,1s,59s,1m 24s,0s,2h 27m 25s,35m 5s,37s,53m 58s,0s,5h 17m 34s
Lifesum,samsung SM-A556E,0s,29s,0s,4m 40s,28m 33s,0s,7m 43s,10m 34s,1m 15s,0s,39s,29s,0s,0s,1s,0s,0s,0s,0s,6m 44s,4m 15s,19m 27s,2m 5s,2m 31s,0s,0s,0s,0s,0s,0s,1h 29m 30s
Lingora,samsung SM-A556E,0s,0s,0s,0s,0s,0s,0s,0s,0s,0s,39s,21m 19s,0s,0s,0s,0s,0s,0s,0s,0s,0s,0s,0s,0s,0s,0s,0s,0s,0s,0s,21m 59s
LinkedIn,samsung SM-A556E,8m 45s,1m 27s,3m 28s,2m 56s,14s,14m 40s,1m 25s,1m 37s,8m 59s,9m 35s,10m 58s,11m 59s,13m 24s,27m 41s,12m 58s,3m 26s,16m 11s,1m 17s,1m 42s,4m 2s,5m 33s,16s,32s,4m 39s,6s,1m 43s,6s,0s,0s,13s,2h 50m 5s
linkedin.com,samsung SM-A556E,0s,0s,0s,0s,0s,0s,0s,0s,0s,1m 48s,0s,0s,0s,0s,0s,0s,0s,0s,0s,0s,0s,0s,0s,0s,0s,0s,0s,0s,0s,0s,1m 48s
linktr.ee,samsung SM-A556E,0s,0s,0s,0s,0s,0s,0s,0s,0s,0s,0s,0s,0s,7s,0s,0s,15s,0s,0s,0s,24s,0s,0s,0s,0s,0s,0s,0s,0s,0s,47s
Lotus's Malaysia,samsung SM-A556E,0s,0s,0s,0s,0s,0s,2m 50s,0s,0s,0s,1m 18s,0s,0s,0s,0s,0s,10s,0s,2m 3s,0s,1m 22s,0s,0s,0s,1m 12s,0s,0s,0s,0s,0s,8m 58s
MAE,samsung SM-A556E,0s,0s,3m 27s,1h 25m 2s,0s,3h 54m 56s,3m 33s,0s,18s,0s,43s,0s,1m 33s,1m 31s,0s,4m 56s,38s,0s,7s,1m 57s,0s,0s,1m 40s,0s,16s,0s,1m 36s,3m 6s,54s,0s,5h 46m 21s
Maps,samsung SM-A556E,0s,0s,4m 49s,1m 54s,0s,0s,4s,0s,0s,0s,0s,0s,0s,0s,22s,0s,0s,0s,0s,0s,0s,0s,0s,1m 10s,0s,0s,1m 28s,0s,0s,0s,9m 49s
maybankjobs.com,samsung SM-A556E,0s,0s,0s,0s,0s,0s,0s,0s,0s,0s,42s,0s,0s,0s,0s,0s,0s,0s,0s,0s,0s,0s,0s,0s,0s,0s,0s,0s,0s,0s,42s
Media picker,samsung SM-A556E,0s,0s,0s,0s,0s,2s,0s,0s,0s,0s,0s,0s,0s,0s,0s,0s,0s,0s,0s,0s,0s,0s,0s,0s,0s,0s,0s,4s,0s,0s,6s
mediation.goog,samsung SM-A556E,0s,0s,0s,0s,0s,0s,0s,0s,15s,0s,0s,0s,0s,0s,0s,0s,0s,0s,0s,0s,0s,0s,0s,0s,0s,0s,0s,0s,0s,0s,15s
medium.com,samsung SM-A556E,0s,0s,0s,0s,1s,0s,0s,0s,0s,0s,0s,0s,0s,0s,0s,0s,0s,0s,0s,0s,0s,0s,0s,0s,0s,0s,0s,0s,0s,0s,1s
Messages,samsung SM-A556E,17m 51s,0s,0s,50s,0s,0s,0s,0s,0s,0s,0s,0s,0s,0s,0s,9s,0s,0s,0s,13m 31s,0s,0s,0s,0s,0s,0s,0s,0s,0s,0s,32m 22s
micro:bit,samsung SM-A556E,0s,0s,0s,0s,0s,0s,0s,0s,0s,0s,0s,0s,0s,0s,0s,31s,0s,0s,0s,0s,0s,0s,0s,0s,0s,0s,0s,0s,0s,0s,31s
microbit.org,samsung SM-A556E,0s,0s,0s,0s,0s,0s,0s,0s,0s,0s,0s,0s,0s,0s,0s,1s,0s,0s,0s,0s,0s,0s,0s,0s,0s,0s,0s,0s,0s,0s,1s
microsoftonline.com,samsung SM-A556E,0s,0s,0s,0s,0s,0s,0s,0s,0s,0s,0s,0s,0s,0s,0s,0s,0s,0s,0s,0s,0s,0s,1m 2s,0s,0s,0s,0s,0s,0s,0s,1m 2s
Modes and Routines,samsung SM-A556E,0s,0s,0s,0s,0s,0s,0s,0s,4s,0s,0s,0s,0s,0s,0s,0s,0s,0s,0s,0s,0s,0s,0s,0s,0s,0s,0s,0s,0s,0s,4s
moomoo.com,samsung SM-A556E,0s,0s,0s,0s,0s,0s,0s,0s,0s,0s,1s,0s,0s,0s,0s,0s,0s,0s,0s,0s,0s,0s,0s,0s,0s,0s,0s,0s,0s,0s,1s
moralorel.fandom.com,samsung SM-A556E,0s,0s,0s,0s,0s,0s,0s,0s,0s,0s,0s,0s,0s,0s,0s,0s,0s,0s,0s,0s,0s,22s,0s,0s,0s,0s,0s,0s,0s,0s,22s
moz-extension,samsung SM-A556E,0s,0s,0s,0s,0s,0s,0s,0s,0s,0s,0s,0s,0s,0s,0s,0s,40s,0s,0s,0s,0s,0s,0s,0s,0s,0s,0s,0s,0s,0s,40s
My Files,samsung SM-A556E,0s,1s,0s,0s,0s,17s,0s,0s,0s,0s,0s,0s,0s,0s,0s,1s,0s,0s,0s,0s,0s,0s,1s,0s,0s,0s,0s,0s,0s,0s,22s
my.jobstreet.com,samsung SM-A556E,0s,0s,0s,0s,0s,0s,0s,0s,0s,0s,26s,0s,0s,37s,0s,0s,0s,0s,0s,0s,0s,0s,0s,0s,0s,0s,0s,0s,0s,0s,1m 3s
my.linkedin.com,samsung SM-A556E,0s,0s,0s,0s,0s,0s,0s,0s,0s,0s,0s,0s,0s,0s,0s,0s,41s,1m 8s,0s,1s,0s,0s,0s,0s,0s,0s,0s,0s,0s,0s,1m 51s
MyUTHM,samsung SM-A556E,1m 6s,0s,0s,0s,0s,0s,0s,0s,0s,0s,0s,0s,13s,0s,0s,0s,0s,0s,0s,0s,0s,0s,0s,0s,0s,0s,0s,0s,0s,0s,1m 20s
n1.kemono.cr,samsung SM-A556E,0s,0s,0s,0s,0s,0s,0s,0s,0s,0s,0s,0s,11s,19s,0s,0s,0s,0s,0s,0s,0s,0s,0s,0s,0s,0s,0s,3m 34s,2m 29s,0s,6m 35s
n2.kemono.cr,samsung SM-A556E,0s,0s,0s,0s,0s,0s,0s,0s,0s,0s,0s,0s,3m 15s,4m 48s,0s,0s,0s,0s,0s,0s,0s,0s,0s,0s,0s,0s,0s,1m 7s,0s,0s,9m 12s
n3.kemono.cr,samsung SM-A556E,0s,0s,0s,0s,0s,0s,0s,0s,0s,0s,0s,0s,1m 58s,0s,0s,0s,0s,0s,0s,0s,0s,0s,0s,0s,0s,0s,0s,0s,0s,0s,1m 58s
n4.kemono.cr,samsung SM-A556E,0s,0s,0s,0s,0s,0s,0s,0s,0s,0s,0s,0s,1m 2s,4s,0s,0s,0s,0s,0s,0s,0s,0s,0s,0s,19s,2s,0s,5m 45s,0s,0s,7m 14s
nasa.gov,samsung SM-A556E,0s,0s,0s,0s,0s,0s,0s,0s,0s,0s,0s,0s,18s,0s,0s,0s,0s,0s,0s,0s,0s,0s,0s,0s,0s,0s,0s,0s,0s,0s,18s
NaturalReader,samsung SM-A556E,0s,0s,0s,0s,0s,0s,0s,0s,2m 41s,0s,0s,0s,0s,0s,0s,0s,0s,0s,0s,0s,0s,0s,0s,0s,0s,0s,0s,0s,0s,0s,2m 41s
naturalreaders.com,samsung SM-A556E,0s,0s,0s,0s,0s,0s,0s,0s,14s,0s,0s,0s,0s,0s,0s,0s,2m 21s,0s,0s,0s,0s,0s,0s,0s,0s,0s,0s,0s,0s,0s,2m 35s
netacad.com,samsung SM-A556E,0s,0s,0s,0s,0s,1m 33s,0s,0s,0s,0s,0s,44s,0s,0s,46s,0s,2m 53s,0s,0s,0s,0s,0s,0s,0s,0s,0s,0s,0s,0s,0s,5m 58s
netburner.com,samsung SM-A556E,0s,0s,0s,0s,0s,0s,0s,0s,0s,3s,0s,0s,0s,0s,0s,0s,0s,0s,0s,0s,0s,0s,0s,0s,0s,0s,0s,0s,0s,0s,3s
newgrounds.com,samsung SM-A556E,0s,0s,0s,0s,0s,0s,0s,0s,0s,0s,0s,0s,0s,0s,0s,0s,0s,0s,0s,0s,34s,0s,0s,0s,0s,0s,0s,0s,0s,0s,34s
news.uthm.edu.my,samsung SM-A556E,0s,0s,0s,0s,0s,0s,0s,0s,0s,0s,0s,0s,9s,0s,0s,0s,0s,0s,0s,0s,0s,0s,0s,0s,0s,0s,0s,0s,0s,0s,9s
nn,samsung SM-A556E,0s,0s,0s,0s,0s,0s,0s,0s,0s,0s,0s,0s,3s,0s,0s,0s,0s,0s,0s,0s,0s,0s,0s,0s,0s,0s,0s,0s,0s,0s,3s
Notion,samsung SM-A556E,0s,0s,0s,0s,0s,0s,0s,0s,0s,0s,0s,0s,44s,0s,0s,0s,0s,0s,0s,0s,0s,0s,0s,0s,0s,0s,0s,0s,0s,0s,44s
omerimbun.com,samsung SM-A556E,0s,0s,0s,0s,0s,0s,0s,0s,0s,0s,24s,0s,0s,0s,0s,0s,0s,0s,0s,0s,0s,0s,0s,0s,0s,0s,0s,0s,0s,0s,24s
One UI Home,samsung SM-A556E,42m 48s,36m 49s,38m 20s,41m 8s,18m 16s,1h 55m 16s,1h 10m 49s,1h 14m 44s,45m 41s,1h 28m 9s,29m 54s,54m 28s,35m 44s,3h 9m 33s,35m 24s,52m 42s,1h 1m 45s,1h 30m 48s,1h 3m 40s,42m 45s,20m 32s,31m 50s,40m 8s,54m 34s,1h 1m 56s,57m 7s,38m 13s,5m 33s,1h 31m 14s,8m 54s,27h 19m
OneDrive,samsung SM-A556E,0s,0s,0s,0s,0s,0s,0s,0s,0s,1m 38s,0s,1m 28s,1m 24s,0s,0s,0s,0s,0s,0s,0s,0s,0s,26s,0s,0s,0s,0s,0s,0s,0s,4m 57s
openlearning.com,samsung SM-A556E,0s,0s,0s,0s,0s,0s,0s,0s,0s,0s,0s,0s,0s,0s,15s,0s,0s,0s,0s,0s,0s,0s,0s,0s,0s,0s,0s,0s,0s,0s,15s
Package installer,samsung SM-A556E,1m 32s,2s,0s,0s,1s,0s,0s,1s,0s,0s,0s,0s,55s,0s,0s,1s,0s,0s,1s,0s,0s,0s,0s,0s,0s,1s,0s,0s,0s,0s,2m 36s
Permission controller,samsung SM-A556E,17s,9s,0s,22s,8s,10s,6s,0s,21s,1m 25s,1s,13s,36s,17s,7s,1s,6s,0s,6s,0s,1s,8s,30s,2m 4s,2s,5s,0s,6s,3s,0s,7m 36s
Phone,samsung SM-A556E,44s,36s,0s,12s,0s,1m 27s,0s,0s,0s,4s,0s,0s,1s,9s,0s,1s,0s,0s,0s,1s,0s,0s,2s,1m 4s,1s,0s,0s,0s,4s,0s,4m 31s
Photo Editor,samsung SM-A556E,0s,4s,0s,0s,0s,0s,0s,0s,0s,1m 16s,0s,0s,0s,10s,15s,9s,0s,0s,13s,0s,0s,0s,0s,1m 41s,0s,0s,0s,0s,0s,0s,3m 51s
Photos,samsung SM-A556E,9s,0s,0s,0s,0s,10m 40s,0s,0s,0s,0s,0s,45s,0s,31s,1m 46s,0s,0s,0s,0s,0s,0s,0s,0s,0s,0s,0s,0s,2m 57s,0s,0s,16m 49s
Photos & videos,samsung SM-A556E,1s,5s,10s,0s,0s,7s,1m 1s,8s,0s,0s,0s,36s,3s,43s,6s,1s,13s,0s,53s,4m 15s,0s,23s,2s,1s,0s,0s,0s,59s,1m 24s,0s,11m 22s
plantuml.com,samsung SM-A556E,0s,0s,0s,0s,0s,0s,0s,0s,0s,0s,0s,0s,0s,0s,0s,0s,16s,0s,0s,0s,24s,0s,0s,0s,0s,0s,0s,0s,0s,0s,40s
PlanWiz,samsung SM-A556E,3m 11s,0s,0s,0s,0s,0s,0s,0s,0s,0s,0s,0s,0s,0s,0s,0s,0s,0s,0s,0s,0s,0s,0s,0s,0s,0s,0s,0s,0s,0s,3m 11s
Print Spooler,samsung SM-A556E,0s,0s,0s,0s,0s,0s,0s,0s,0s,0s,0s,0s,5s,0s,0s,3s,9s,0s,0s,0s,0s,0s,51s,0s,0s,0s,0s,0s,0s,0s,1m 9s
Quick Share,samsung SM-A556E,1m 45s,0s,0s,0s,0s,0s,0s,0s,0s,0s,0s,0s,0s,0s,0s,0s,0s,0s,0s,0s,0s,0s,0s,0s,0s,0s,0s,0s,0s,0s,1m 45s
quora.com,samsung SM-A556E,0s,0s,0s,0s,0s,0s,0s,0s,18s,0s,0s,33s,8s,0s,0s,52s,14s,0s,0s,0s,0s,0s,0s,0s,0s,0s,0s,0s,0s,0s,2m 6s
razerid.razer.com,samsung SM-A556E,0s,0s,0s,0s,0s,0s,0s,0s,0s,0s,0s,0s,0s,0s,0s,0s,0s,0s,0s,0s,0s,0s,0s,0s,52s,9s,0s,0s,0s,0s,1m 1s
ReadEra,samsung SM-A556E,0s,0s,0s,0s,0s,0s,0s,0s,0s,0s,0s,0s,0s,0s,0s,0s,0s,0s,0s,0s,0s,0s,0s,0s,0s,37m 42s,8m 42s,15s,0s,0s,46m 40s
redactai.io,samsung SM-A556E,0s,0s,0s,0s,0s,0s,0s,0s,0s,0s,0s,0s,0s,0s,5s,0s,0s,0s,0s,0s,0s,0s,0s,0s,0s,0s,0s,0s,0s,0s,5s
redBus,samsung SM-A556E,26s,0s,2m 21s,0s,0s,0s,0s,0s,0s,0s,0s,0s,0s,2s,0s,0s,0s,0s,0s,0s,0s,0s,0s,0s,0s,0s,0s,0s,0s,0s,2m 50s
Reddit,samsung SM-A556E,9m 1s,0s,0s,0s,0s,0s,0s,0s,0s,0s,0s,0s,0s,0s,0s,0s,0s,0s,0s,0s,0s,0s,0s,0s,0s,0s,0s,0s,0s,0s,9m 1s
reddit.com,samsung SM-A556E,1m 42s,0s,1m 14s,6m 13s,1m 1s,1m 48s,2m 19s,2m 48s,5m 14s,3m,1m 3s,7m 21s,2m 27s,7m 48s,2m 26s,1m 44s,2m 47s,4m 17s,4m 19s,2m 8s,56s,1m 53s,40s,2m 55s,0s,4s,5s,0s,9s,0s,1h 8m 34s
reepl.io,samsung SM-A556E,0s,0s,0s,0s,0s,0s,0s,0s,0s,0s,0s,0s,0s,0s,1m 26s,0s,0s,0s,0s,0s,0s,0s,0s,0s,0s,0s,0s,0s,0s,0s,1m 26s
resumeworded.com,samsung SM-A556E,0s,0s,0s,0s,0s,0s,0s,0s,0s,0s,0s,0s,0s,0s,25s,0s,0s,0s,0s,0s,0s,0s,0s,0s,0s,0s,0s,0s,0s,0s,25s
roadmap.sh,samsung SM-A556E,0s,0s,0s,0s,0s,0s,0s,0s,0s,0s,0s,1m 14s,0s,0s,0s,0s,0s,0s,0s,0s,0s,0s,0s,0s,0s,0s,0s,0s,0s,0s,1m 14s
Roblox,samsung SM-A556E,1h 10m 13s,59m 30s,0s,0s,0s,0s,0s,0s,0s,0s,0s,0s,0s,0s,0s,0s,0s,0s,0s,0s,0s,0s,0s,0s,0s,0s,0s,0s,0s,0s,2h 9m 43s
roblox.com,samsung SM-A556E,0s,2s,0s,0s,0s,0s,0s,0s,0s,0s,0s,0s,0s,0s,0s,0s,0s,0s,0s,0s,0s,0s,0s,0s,0s,0s,0s,0s,0s,0s,2s
Samsung account,samsung SM-A556E,0s,0s,0s,0s,6s,0s,0s,0s,0s,0s,0s,0s,1s,0s,0s,0s,0s,0s,0s,0s,0s,0s,0s,0s,0s,0s,0s,0s,0s,0s,7s
Samsung capture,samsung SM-A556E,0s,0s,0s,0s,0s,0s,0s,0s,0s,0s,0s,0s,0s,0s,0s,0s,0s,0s,0s,0s,0s,0s,0s,2m 3s,0s,0s,0s,0s,23s,0s,2m 27s
Samsung Health,samsung SM-A556E,5m 21s,3m 46s,3m 47s,6s,3m 32s,2m 43s,14m 47s,8m 29s,5m 5s,2m 25s,1m 42s,1m 29s,1m 9s,0s,1m 40s,16s,8s,0s,55s,0s,0s,27s,44s,0s,1s,0s,27s,0s,39s,2s,59m 48s
Samsung Internet,samsung SM-A556E,0s,1m 11s,0s,0s,0s,0s,0s,0s,0s,0s,0s,0s,0s,0s,0s,0s,0s,0s,0s,0s,0s,0s,0s,0s,0s,0s,0s,0s,0s,0s,1m 11s
Samsung Notes,samsung SM-A556E,0s,11m 31s,0s,0s,0s,17m 52s,11m 8s,0s,0s,7m 22s,23s,0s,17s,13m 19s,1s,10s,1m 21s,8s,1s,12m 29s,2s,0s,0s,12m 27s,0s,0s,1m 53s,0s,1s,0s,1h 30m 32s
Samsung Shop,samsung SM-A556E,0s,0s,0s,0s,0s,0s,0s,0s,0s,0s,0s,0s,3m 6s,0s,0s,0s,0s,0s,0s,0s,0s,0s,0s,0s,0s,0s,0s,0s,10m 42s,0s,13m 49s
samsung.com,samsung SM-A556E,0s,0s,0s,0s,0s,0s,0s,0s,0s,0s,0s,0s,10s,0s,0s,0s,0s,0s,0s,0s,0s,0s,0s,0s,0s,0s,0s,0s,0s,0s,10s
Sand Blast,samsung SM-A556E,0s,0s,2m 52s,0s,0s,0s,0s,0s,0s,0s,0s,0s,0s,0s,0s,0s,0s,0s,1m 2s,0s,0s,0s,0s,0s,0s,0s,0s,0s,0s,0s,3m 54s
scottpilgrim.fandom.com,samsung SM-A556E,0s,0s,0s,0s,0s,0s,0s,0s,0s,0s,0s,44s,0s,0s,0s,0s,0s,0s,0s,0s,0s,0s,0s,0s,0s,0s,0s,0s,0s,0s,44s
scp-wiki.net,samsung SM-A556E,1s,0s,0s,0s,0s,0s,0s,0s,0s,0s,0s,0s,0s,0s,0s,0s,0s,0s,0s,0s,0s,0s,0s,0s,0s,0s,0s,0s,0s,0s,1s
scp-wiki.wikidot.com,samsung SM-A556E,3m 40s,0s,0s,0s,0s,0s,0s,0s,0s,0s,0s,0s,0s,0s,0s,0s,0s,0s,0s,0s,0s,0s,0s,0s,0s,0s,0s,0s,0s,0s,3m 40s
ScratchJr,samsung SM-A556E,10s,0s,0s,0s,0s,0s,0s,0s,0s,0s,0s,0s,0s,0s,0s,0s,0s,0s,0s,0s,0s,0s,0s,0s,0s,0s,0s,0s,0s,0s,10s
scribd.com,samsung SM-A556E,0s,0s,0s,0s,0s,0s,7s,0s,0s,0s,0s,0s,0s,0s,0s,0s,0s,0s,0s,0s,0s,0s,0s,0s,0s,0s,0s,0s,0s,0s,7s
seasia.co,samsung SM-A556E,0s,0s,0s,0s,0s,0s,0s,0s,0s,0s,0s,0s,0s,11s,0s,0s,0s,0s,0s,0s,0s,0s,0s,0s,0s,0s,0s,0s,0s,0s,11s
seek.com,samsung SM-A556E,0s,0s,0s,0s,0s,0s,0s,0s,0s,0s,0s,0s,0s,0s,5s,0s,0s,0s,1s,0s,0s,0s,0s,0s,0s,0s,0s,0s,0s,0s,6s
seinfeld.co,samsung SM-A556E,0s,0s,0s,0s,0s,0s,0s,0s,0s,0s,0s,0s,0s,0s,0s,0s,1m 6s,0s,0s,0s,0s,0s,0s,0s,0s,0s,0s,0s,0s,0s,1m 6s
Settings,samsung SM-A556E,20s,4m 49s,1h 17m 56s,4h 28m 3s,0s,1m 55s,2m 33s,15s,1m,6s,8s,2m 2s,42s,1m 16s,26s,49s,7m 45s,41s,19s,6s,23s,5m 31s,19s,2m 40s,3m 51s,12s,46s,0s,1m 3s,4m 32s,6h 30m 41s
Settings Suggestions,samsung SM-A556E,0s,0s,0s,0s,0s,0s,0s,0s,0s,0s,0s,0s,0s,0s,0s,0s,19s,0s,0s,0s,0s,0s,0s,0s,0s,0s,0s,0s,6s,0s,26s
shadyurl.com,samsung SM-A556E,0s,0s,0s,0s,0s,23s,0s,0s,0s,0s,0s,0s,0s,0s,0s,0s,0s,0s,0s,0s,0s,0s,0s,0s,0s,0s,0s,0s,0s,0s,23s
SHAREit,samsung SM-A556E,0s,0s,4s,0s,0s,0s,0s,0s,0s,0s,0s,0s,0s,0s,0s,0s,0s,0s,0s,0s,0s,0s,0s,0s,0s,0s,0s,0s,0s,0s,4s
Sheets,samsung SM-A556E,7m 11s,2m 2s,37s,0s,0s,0s,0s,0s,0s,11s,0s,0s,0s,0s,0s,0s,0s,0s,0s,0s,0s,0s,0s,0s,0s,0s,0s,0s,0s,0s,10m 2s
shop.ed.ted.com,samsung SM-A556E,0s,0s,0s,0s,0s,0s,0s,0s,0s,0s,0s,0s,3m 20s,0s,0s,0s,0s,0s,0s,0s,0s,0s,0s,0s,0s,0s,0s,0s,0s,0s,3m 20s
Shopee,samsung SM-A556E,0s,0s,0s,0s,29s,0s,49s,0s,0s,1m 11s,0s,0s,0s,0s,0s,0s,0s,0s,0s,0s,0s,2s,0s,0s,0s,0s,2s,0s,2m 30s,0s,5m 6s
shorturl.at,samsung SM-A556E,0s,0s,0s,0s,0s,0s,0s,0s,0s,0s,0s,0s,1s,0s,0s,0s,0s,0s,0s,0s,0s,0s,0s,0s,0s,0s,0s,0s,0s,0s,1s
smap.uthm.edu.my,samsung SM-A556E,0s,0s,0s,0s,0s,2m 37s,1m 49s,3m 27s,1m 34s,2m 5s,0s,16s,1m 1s,2m 36s,3m 49s,0s,2m 44s,0s,0s,0s,41s,44s,11s,11s,0s,0s,1m 51s,0s,0s,1m 49s,27m 32s
Smart View,samsung SM-A556E,0s,0s,0s,0s,0s,0s,0s,22s,0s,0s,0s,4s,0s,0s,0s,0s,0s,0s,0s,0s,0s,0s,0s,0s,0s,0s,0s,0s,1m 21s,0s,1m 48s
SmartThings,samsung SM-A556E,9m 41s,0s,0s,0s,0s,39s,12s,0s,0s,0s,0s,0s,0s,0s,0s,0s,0s,0s,0s,0s,0s,0s,5s,1m 26s,0s,0s,0s,0s,4s,0s,12m 8s
Snapchat,samsung SM-A556E,0s,0s,0s,0s,0s,0s,0s,0s,0s,0s,0s,0s,0s,0s,38s,0s,0s,0s,0s,0s,0s,0s,0s,0s,0s,0s,0s,0s,0s,0s,38s
snaptik.app,samsung SM-A556E,0s,0s,0s,0s,0s,0s,0s,0s,0s,0s,0s,0s,0s,0s,0s,0s,0s,0s,0s,1m 59s,0s,0s,0s,0s,0s,0s,0s,0s,0s,0s,1m 59s
Speech Recognition and Synthesis from Google,samsung SM-A556E,0s,0s,0s,0s,0s,0s,0s,0s,0s,0s,0s,1s,0s,0s,0s,0s,0s,0s,0s,0s,0s,0s,0s,0s,0s,0s,0s,0s,0s,0s,1s
Spotify,samsung SM-A556E,3m 53s,2m 21s,3m 2s,3m 10s,0s,23m 44s,10m 12s,0s,7m 51s,6m 46s,0s,2m 11s,5m 57s,2m 59s,8m 41s,3m 25s,6m 50s,0s,0s,23m 40s,1m,0s,6m 24s,52m 43s,2m 36s,0s,6m 41s,0s,14m 41s,2m 17s,3h 21m 14s
spring.io,samsung SM-A556E,0s,0s,0s,0s,0s,0s,0s,0s,0s,0s,0s,0s,0s,0s,0s,0s,0s,6s,0s,0s,0s,0s,0s,0s,0s,0s,0s,0s,0s,0s,6s
StayFree,samsung SM-A556E,51s,1m 48s,56s,1m 40s,2s,14s,5s,1s,2s,51s,3s,47s,7s,38s,0s,0s,1s,0s,1s,4s,1s,0s,0s,0s,0s,0s,17s,0s,43s,58s,10m 19s
Studio,samsung SM-A556E,0s,0s,0s,0s,0s,0s,0s,0s,0s,0s,0s,4m 6s,0s,4s,0s,0s,0s,0s,0s,0s,0s,0s,0s,0s,0s,0s,0s,0s,0s,0s,4m 10s
study.uthm.edu.my,samsung SM-A556E,0s,0s,0s,0s,0s,0s,0s,0s,0s,0s,0s,0s,0s,5s,14s,0s,0s,0s,0s,0s,0s,0s,0s,0s,1s,0s,0s,0s,0s,0s,21s
Subway Surf,samsung SM-A556E,0s,43s,0s,0s,0s,0s,0s,12s,0s,0s,0s,0s,0s,0s,0s,0s,0s,1s,0s,0s,0s,0s,0s,0s,0s,0s,0s,0s,0s,0s,57s
sudan.liveuamap.com,samsung SM-A556E,0s,0s,0s,0s,0s,0s,0s,0s,0s,0s,0s,0s,0s,0s,0s,0s,0s,0s,6s,0s,0s,0s,0s,0s,0s,0s,0s,0s,0s,0s,6s
superintelligence-statement.org,samsung SM-A556E,0s,0s,0s,0s,0s,0s,0s,0s,0s,0s,0s,0s,0s,0s,0s,0s,0s,0s,0s,0s,0s,0s,0s,2m 56s,2s,0s,0s,0s,0s,0s,2m 59s
System UI,samsung SM-A556E,9m 48s,0s,0s,0s,0s,39s,10s,0s,0s,0s,0s,0s,0s,0s,0s,0s,0s,0s,0s,0s,0s,0s,5s,3m 25s,3s,0s,0s,0s,4s,0s,14m 17s
t.me,samsung SM-A556E,0s,0s,0s,0s,0s,0s,0s,0s,0s,1s,0s,0s,0s,5s,0s,0s,0s,0s,0s,0s,0s,0s,0s,0s,0s,0s,0s,0s,0s,0s,7s
Tachiyomi,samsung SM-A556E,0s,0s,0s,2h 1m 43s,0s,55m 2s,6m 26s,0s,10m 43s,0s,21m 23s,1h 26s,18s,8m 9s,3m 34s,25m 52s,13s,12m 59s,1h 33m 2s,0s,0s,0s,4m 19s,0s,2m 38s,0s,4m 3s,0s,0s,0s,7h 10m 59s
Tags,samsung SM-A556E,0s,0s,0s,0s,0s,0s,0s,0s,0s,0s,0s,0s,0s,3s,0s,0s,0s,0s,0s,0s,0s,0s,0s,0s,0s,0s,0s,0s,0s,0s,3s
taplio.com,samsung SM-A556E,0s,0s,0s,0s,0s,0s,0s,0s,0s,0s,0s,0s,0s,0s,4s,0s,0s,0s,0s,0s,0s,0s,0s,0s,0s,0s,0s,0s,0s,0s,4s
TDS,samsung SM-A556E,0s,0s,0s,0s,0s,0s,0s,0s,0s,0s,0s,0s,0s,0s,0s,0s,0s,0s,0s,0s,0s,0s,0s,21m 36s,4m 8s,1h 6m,35m 32s,18m,0s,0s,2h 25m 19s
Teams,samsung SM-A556E,0s,0s,0s,0s,0s,0s,0s,0s,0s,0s,0s,0s,38s,0s,1m 39s,0s,0s,0s,0s,0s,0s,0s,0s,0s,0s,0s,0s,0s,0s,0s,2m 18s
teams.microsoft.com,samsung SM-A556E,0s,0s,0s,0s,0s,0s,0s,0s,0s,0s,0s,0s,4s,0s,2s,0s,0s,0s,0s,0s,0s,0s,0s,0s,0s,0s,0s,0s,0s,0s,6s
telefon.uthm.edu.my,samsung SM-A556E,0s,0s,0s,0s,0s,0s,0s,0s,0s,0s,0s,0s,0s,0s,8s,0s,0s,0s,0s,0s,0s,0s,0s,0s,0s,0s,0s,0s,0s,0s,8s
Telegram,samsung SM-A556E,0s,0s,0s,0s,0s,3m 5s,3s,0s,1m 54s,47s,7s,10s,0s,1m 11s,13m 11s,1m 6s,49s,6m 30s,3m 43s,0s,6s,15m 28s,16m 48s,1m 45s,37s,1m 4s,48s,0s,0s,10s,1h 9m 31s
temp1420685416306209583,samsung SM-A556E,0s,0s,0s,0s,0s,0s,0s,0s,0s,0s,0s,0s,0s,0s,0s,0s,0s,0s,0s,0s,0s,0s,4s,0s,0s,0s,0s,0s,0s,0s,4s
tenor.com,samsung SM-A556E,0s,53s,0s,0s,0s,0s,0s,0s,0s,0s,0s,0s,0s,0s,0s,0s,0s,0s,0s,0s,0s,0s,0s,0s,0s,0s,0s,0s,0s,0s,53s
Tetris,samsung SM-A556E,1m 33s,0s,0s,0s,0s,0s,0s,0s,0s,0s,0s,0s,0s,0s,0s,0s,0s,0s,0s,0s,0s,0s,0s,0s,0s,0s,0s,0s,0s,0s,1m 33s
theodinproject.com,samsung SM-A556E,0s,0s,0s,0s,0s,0s,0s,0s,3m 58s,0s,0s,0s,0s,0s,0s,0s,0s,0s,0s,0s,0s,0s,0s,0s,0s,0s,0s,0s,0s,0s,3m 58s
Threads,samsung SM-A556E,37s,0s,0s,0s,0s,0s,0s,0s,0s,0s,0s,0s,0s,0s,0s,0s,0s,0s,0s,0s,0s,0s,0s,0s,0s,0s,0s,0s,0s,0s,37s
threads.com,samsung SM-A556E,0s,0s,0s,0s,0s,0s,0s,0s,0s,0s,0s,0s,0s,0s,0s,0s,0s,0s,0s,0s,0s,0s,0s,0s,0s,1s,0s,0s,0s,0s,1s
TikTok,samsung SM-A556E,28m 7s,0s,0s,0s,0s,0s,0s,0s,0s,0s,0s,0s,0s,0s,0s,0s,0s,0s,0s,0s,0s,0s,0s,0s,0s,0s,0s,0s,0s,0s,28m 7s
TikTok Studio,samsung SM-A556E,9s,0s,0s,0s,0s,0s,0s,0s,0s,0s,0s,0s,0s,4s,0s,0s,0s,0s,0s,0s,0s,0s,0s,0s,0s,0s,0s,0s,0s,0s,13s
tiktok.com,samsung SM-A556E,0s,0s,0s,0s,0s,0s,0s,1m 10s,0s,0s,11s,0s,0s,0s,0s,0s,0s,0s,0s,43s,0s,0s,0s,0s,0s,0s,0s,0s,0s,0s,2m 5s
tiktokv.com,samsung SM-A556E,0s,0s,0s,0s,0s,0s,0s,2s,0s,0s,0s,0s,0s,0s,0s,0s,0s,0s,0s,0s,0s,0s,0s,0s,0s,0s,0s,0s,0s,0s,2s
timesofindia.indiatimes.com,samsung SM-A556E,0s,0s,0s,0s,0s,0s,0s,0s,0s,0s,0s,0s,0s,0s,0s,0s,0s,0s,0s,1m 3s,0s,0s,0s,0s,0s,0s,0s,0s,0s,0s,1m 3s
timetable.uthm.edu.my,samsung SM-A556E,0s,0s,0s,0s,0s,0s,0s,0s,0s,18s,0s,0s,1m 23s,0s,0s,0s,0s,0s,0s,0s,0s,0s,0s,0s,0s,0s,0s,0s,0s,0s,1m 42s
topuniversities.com,samsung SM-A556E,0s,0s,0s,0s,0s,0s,0s,0s,0s,0s,0s,0s,18s,0s,0s,0s,0s,0s,0s,0s,0s,0s,0s,0s,0s,0s,0s,0s,0s,0s,18s
Tor Browser,samsung SM-A556E,0s,0s,0s,0s,0s,0s,0s,0s,0s,0s,0s,0s,0s,0s,0s,0s,19s,0s,0s,0s,0s,0s,0s,0s,0s,0s,0s,0s,0s,0s,19s
Translate,samsung SM-A556E,0s,0s,0s,0s,0s,3m 2s,0s,0s,0s,0s,1m 15s,0s,0s,0s,20s,0s,0s,0s,0s,0s,0s,0s,0s,0s,0s,0s,0s,0s,0s,0s,4m 38s
translate.google.com,samsung SM-A556E,0s,0s,0s,0s,0s,0s,0s,0s,0s,0s,0s,0s,1s,0s,0s,0s,0s,0s,0s,0s,0s,0s,0s,0s,0s,0s,0s,0s,0s,0s,1s
ug-dra.media.dbankcloud.cn,samsung SM-A556E,0s,0s,0s,0s,0s,0s,0s,0s,0s,0s,0s,0s,19s,0s,0s,0s,0s,0s,0s,0s,0s,0s,0s,0s,0s,0s,0s,0s,0s,0s,19s
ungeek.ph,samsung SM-A556E,0s,0s,0s,0s,0s,0s,0s,0s,0s,0s,0s,0s,0s,0s,0s,0s,0s,0s,0s,0s,0s,0s,0s,0s,0s,0s,0s,0s,21s,0s,21s
Universal AC Remote Control,samsung SM-A556E,0s,0s,0s,0s,0s,0s,0s,2m,0s,0s,0s,0s,0s,0s,0s,0s,0s,0s,0s,0s,0s,0s,0s,0s,0s,0s,0s,0s,0s,0s,2m
uthm.edu.my,samsung SM-A556E,0s,0s,0s,0s,0s,4s,10s,0s,0s,0s,0s,0s,53s,0s,3m 47s,8s,0s,0s,0s,0s,0s,0s,0s,0s,0s,0s,3s,0s,0s,0s,5m 8s
uthmedumy-my.sharepoint.com,samsung SM-A556E,0s,0s,0s,0s,0s,0s,0s,0s,0s,0s,0s,0s,0s,0s,0s,0s,0s,0s,0s,0s,0s,0s,0s,0s,0s,0s,0s,0s,1m 55s,0s,1m 55s
uthmedumy.sharepoint.com,samsung SM-A556E,0s,0s,0s,0s,0s,0s,0s,0s,0s,0s,0s,0s,0s,0s,0s,0s,0s,0s,0s,0s,0s,0s,7s,0s,0s,0s,0s,0s,0s,0s,7s
uxhmac.com,samsung SM-A556E,0s,0s,0s,0s,0s,0s,0s,0s,0s,0s,0s,0s,17s,0s,0s,0s,0s,0s,0s,0s,0s,0s,0s,0s,0s,0s,0s,0s,0s,0s,17s
versus.com,samsung SM-A556E,0s,0s,0s,0s,0s,0s,0s,0s,0s,0s,0s,0s,0s,0s,0s,0s,0s,0s,0s,0s,0s,0s,0s,0s,0s,0s,0s,0s,1m 3s,0s,1m 3s
Wallpaper and style,samsung SM-A556E,0s,0s,0s,3m 14s,28s,5s,0s,0s,0s,0s,0s,0s,0s,0s,0s,0s,0s,0s,0s,0s,0s,0s,0s,0s,0s,0s,0s,0s,0s,0s,3m 48s
Weather,samsung SM-A556E,0s,0s,0s,0s,0s,1s,10s,0s,0s,0s,0s,0s,0s,0s,0s,0s,0s,0s,0s,0s,0s,0s,0s,0s,0s,0s,0s,0s,0s,0s,12s
webtoons.com,samsung SM-A556E,0s,0s,0s,0s,0s,0s,0s,0s,0s,0s,0s,0s,0s,0s,0s,0s,0s,0s,45s,0s,0s,0s,0s,0s,0s,0s,0s,0s,0s,0s,45s
WhatsApp,samsung SM-A556E,6m 50s,5m 59s,28m 30s,57s,46m 52s,1h 27m 20s,1h 1m 10s,46m 25s,15m 2s,20m 27s,3m 30s,26m 12s,1h 11m 46s,29m 24s,20m,13m 52s,3m 5s,10m 43s,24m 8s,13s,5m 14s,21m 16s,25m 22s,13m 40s,11m 13s,16m 54s,37m 13s,15m 39s,15m 52s,2m 26s,11h 27m 27s
wikipedia.org,samsung SM-A556E,0s,0s,0s,1m 20s,0s,0s,0s,0s,0s,38s,0s,0s,2m 45s,5s,0s,0s,0s,0s,34s,33s,0s,0s,47s,42s,0s,0s,14s,0s,4m 20s,0s,12m 1s
Wordle,samsung SM-A556E,11m 42s,0s,7m 47s,0s,0s,2m 33s,0s,0s,0s,0s,0s,0s,0s,0s,8m 52s,0s,0s,0s,3m 49s,0s,0s,0s,0s,0s,0s,0s,0s,0s,0s,0s,34m 45s
ww1.seinfeld.co,samsung SM-A556E,0s,0s,0s,0s,0s,0s,0s,0s,0s,0s,0s,0s,0s,0s,0s,0s,47s,0s,0s,0s,0s,0s,0s,0s,0s,0s,0s,0s,0s,0s,47s
x.com,samsung SM-A556E,0s,0s,0s,0s,0s,0s,0s,0s,0s,0s,0s,0s,0s,15s,0s,0s,3m 52s,0s,0s,50s,0s,0s,0s,0s,0s,0s,0s,0s,0s,0s,4m 58s
YouTube,samsung SM-A556E,1h 23m 28s,3h 25m 30s,2h 59s,4h 34m 9s,2h 10m 53s,5h 4m 59s,2h 11m 9s,2h 26m 41s,4h 8m 43s,1h 39m 1s,49m 17s,2h 22m 48s,4h 16m 38s,1h 35m 56s,1h 6m 55s,3h 38m 4s,4h 30m 16s,1h 35m 30s,2h 46m 14s,2h 38m 44s,7h 22m 50s,7h 32m 52s,4h 12m 32s,3h 42m 17s,2h 36m 9s,1h 56m 16s,1h 37m 3s,6h 49m 11s,4h 45m 47s,1h 55m 25s,96h 56m 30s
YouTube Music,samsung SM-A556E,0s,0s,0s,0s,0s,0s,0s,20m 11s,0s,0s,0s,0s,0s,0s,2m 5s,0s,0s,0s,27m 18s,0s,0s,1m 4s,0s,0s,0s,0s,0s,0s,0s,0s,50m 39s
YT Studio,samsung SM-A556E,0s,0s,0s,0s,0s,0s,0s,0s,0s,0s,0s,0s,29s,7m,0s,0s,0s,0s,0s,0s,0s,0s,0s,0s,0s,0s,0s,0s,0s,0s,7m 29s
zuhair.blog,samsung SM-A556E,0s,0s,0s,0s,0s,0s,0s,0s,0s,0s,0s,0s,0s,0s,0s,0s,0s,0s,0s,0s,0s,0s,0s,0s,0s,0s,0s,0s,31s,0s,31s
Total Usage,,8h 10m 12s,6h 43m 55s,5h 10m,16h 10m 33s,5h 55m 21s,18h 12m 48s,8h 56m 8s,7h 26m 57s,11h 4m 47s,9h 33m 58s,5h 23m 29s,8h 27m 48s,10h 16m 17s,11h 25m 56s,6h 36m 43s,8h 8m 41s,9h 50m 44s,4h 58m 44s,8h 1m 40s,5h 39m 50s,10h 9m 57s,10h 33m 9s,8h 7m 20s,8h 50m 49s,5h 30m 5s,7h 57m 56s,5h 24m 44s,8h 50m 23s,9h 29m 27s,2h 27m 53s,253h 36m 30s
,,,,,,,,,,,,,,,,,,,,,,,,,,,,,,,,
Created by “StayFree”.,,,,,,,,,,,,,,,,,,,,,,,,,,,,,,,,
Creation date: 10/30/25 09:01:40,,,,,,,,,,,,,,,,,,,,,,,,,,,,,,,,
